{"cameraMode":{"drawMode":0,"name":"Shaded","section":"Shading Mode"},"sceneLighting":false,"audioPlay":false,"sceneViewState":{"showFog":true,"showMaterialUpdate":false,"showSkybox":false,"showFlares":true,"showImageEffects":true,"showParticleSystems":true},"in2DMode":false,"pivot":{"x":0.15000000596046449,"y":1.0099999904632569,"z":-0.13699999451637269},"rotation":{"x":-0.07767237722873688,"y":0.5061323046684265,"z":-0.045833345502614978,"w":-0.8577280640602112},"size":1.6923561096191407,"orthographic":false}